{
  "position": {
    "x": -324.9425763671855,
    "y": 158.17330066971888,
    "z": 1579.8443284226876
  },
  "rotation": {
    "degreesX": -6846,
    "degreesY": 11
  },
  "timedate": {
    "year": 2074,
    "month": "November",
    "day": 0,
    "weekday": "Saturday",
    "time": "07:43:00"
  },
  "daynight": {
    "dayMinutes": 1,
    "nightMinutes": 1
  }
}
