{
  "position": {
    "x": -846.2740544035875,
    "y": 92.39574206244956,
    "z": -602.1992804305843
  },
  "rotation": {
    "degreesX": 1849,
    "degreesY": 3
  },
  "timedate": {
    "year": 2074,
    "month": "August",
    "day": 8,
    "weekday": "Monday",
    "time": "02:53:00"
  },
  "daynight": {
    "dayMinutes": 2,
    "nightMinutes": 2
  }
}
