{
  "position": {
    "x": -650.5326383046772,
    "y": 7.0851417924643245,
    "z": 49.47685575113207
  },
  "rotation": {
    "degreesX": 22,
    "degreesY": -1
  },
  "timedate": {
    "year": 2074,
    "month": "August",
    "day": 2,
    "weekday": "Tuesday",
    "time": "14:07:03"
  }
}
