{
  "position": {
    "x": 205.22162874907454,
    "y": 241.67449635189087,
    "z": 1784.5412920052229
  },
  "rotation": {
    "degreesX": -6848,
    "degreesY": 2
  },
  "timedate": {
    "year": 2074,
    "month": "September",
    "day": 29,
    "weekday": "Thursday",
    "time": "20:02:00"
  },
  "daynight": {
    "dayMinutes": 1,
    "nightMinutes": 1
  }
}
