{
  "position": {
    "x": -866.1447286670552,
    "y": -46.87315731789481,
    "z": 164.9201159717776
  },
  "rotation": {
    "degreesX": -7208,
    "degreesY": 2
  },
  "timedate": {
    "year": 2074,
    "month": "November",
    "day": 1,
    "weekday": "Sunday",
    "time": "10:35:55"
  },
  "daynight": {
    "dayMinutes": 10,
    "nightMinutes": 8
  }
}
